file,pitname,datetime,x_utm13n,y_utm13n,depth_m,density_kgm3
2017-02-06/PIT_L36/pit_20170206_L36.xlsx,L36,2017-02-06 14:40:00,261866.0,4199321.0,1.29,301.5
2017-02-06/PIT_L37/pit_20170206_L37.xlsx,L37,2017-02-06 01:20:00,259828.0,4200376.0,0.94,304.3
2017-02-06/PIT_L40/pit_20170206_L40.xlsx,L40,2017-02-06 11:35:00,261637.0,4198980.0,1.81,308.0
2017-02-07/PIT_36N/pit_20170207_36N.xlsx,36N,2017-02-07 13:30:00,231668.9,4324234.3,1.09,329.9
2017-02-07/PIT_46N/pit_20170207_46N.xlsx,46N,2017-02-07 10:15:00,234762.7,4326172.7,1.65,316.5
2017-02-07/PIT_46S/pit_2017020746S.xlsx,,2017-02-07 12:00:00,234764.6,4325959.1,1.60,327.5
2017-02-07/PIT_49N/pit_20170207_49N.xlsx,49N,2017-02-07 14:57:00,234957.6,4326331.2,1.59,296.7
2017-02-07/PIT_63W/pit_20170207_63W.xlsx,63W,2017-02-07 15:40:00,236010.7,4323051.5,11.00,302.7
2017-02-07/PIT_66N/pit_20170207_66N.xlsx,66N,2017-02-07 11:07:00,236948.5,4323836.4,1.73,316.6
2017-02-07/PIT_66S/pit_20170207_66S.xlsx,66S,2017-02-07 13:10:00,236964.2,4323572.8,1.87,317.9
2017-02-07/PIT_80E/pit_20170207_80E.xlsx,80E,2017-02-07 15:30:00,247938.0,4325639.0,1.84,306.0
2017-02-07/PIT_92E/pit_20170207_92E.xlsx,92E,2017-02-07 13:00:00,250334.0,4326408.0,1.79,332.1
2017-02-07/PIT_92W/pit_20170207_92W.xlsx,92W,2017-02-07 11:20:00,250116.0,4326406.0,1.63,334.5
2017-02-07/PIT_M21/pit_20170207_M21.xlsx,M21,2017-02-07 01:42:00,260125.0,4198914.0,0.62,301.3
2017-02-07/PIT_M22/pit_20170207_M22.xlsx,M22,2017-02-07 12:10:00,259928.0,4199042.0,1.73,321.8
2017-02-07/PIT_M25/pit_20170207_M25.xlsx,M25,2017-02-07 11:05:00,260316.0,4198988.0,0.92,329.4
2017-02-07/PIT_M29/pit_20170207_M29.xlsx,M29,2017-02-07 13:20:00,260549.0,4198833.0,0.93,335.9
2017-02-07/PIT_MT01/pit_20170207_MT01.xlsx,MT01,2017-02-07 12:45:00,231890.0,4327140.4,1.34,320.5
2017-02-08/PIT_26W/pit_20170208_26W.xlsx,26W,2017-02-08 14:00:00,227071.2,4323338.3,1.27,312.2
2017-02-08/PIT_29E/pit_20170208_29E.xlsx,29E,2017-02-08 15:35:00,228417.8,4322177.8,1.27,309.7
2017-02-08/PIT_32S/pit_20170208_32S.xlsx,32S,2017-02-08 12:09:00,229862.6,4322063.4,1.28,318.5
2017-02-08/PIT_38E/pit_20170208_38E.xlsx,38E,2017-02-08 10:30:00,232459.7,4323688.9,1.57,314.9
2017-02-08/PIT_53W/pit_20170208_53W.xlsx,53W,2017-02-08 09:40:00,235217.5,4324562.1,1.41,337.0
2017-02-08/PIT_54N/pit_20170208_54N.xlsx,54N,2017-02-08 13:10:00,235316.3,4326603.2,1.49,318.7
2017-02-08/PIT_56W/pit_20170208_56W.xlsx,56W,2017-02-08 09:57:00,235149.2,4326183.3,2.10,345.4
2017-02-08/PIT_56W/pit_20170208_56W_Continue.xlsx,56W_Continue,2017-02-08 09:57:00,235149.2,4326183.3,2.10,nan
2017-02-08/PIT_90N/pit_20170208_90N.xlsx,90N,2017-02-08 15:30:00,249750.0,4327561.0,1.27,297.6
2017-02-08/PIT_96E/pit_20170208_96E.xlsx,96E,2017-02-08 10:45:00,251289.0,4332479.0,1.24,324.6
2017-02-08/PIT_99N/pit_20170208_99N.xlsx,99N,2017-02-08 13:00:00,251842.0,4331415.0,1.65,330.8
2017-02-08/PIT_JC01/pit_20170208_JC01.xlsx,JC01,2017-02-08 13:00:00,232205.1,4327343.1,1.40,316.0
2017-02-08/PIT_L33/pit_20170208_L33.xlsx,L33,2017-02-08 12:25:00,261084.0,4198570.0,1.92,298.8
2017-02-08/PIT_L34/pit_20170208_L34.xlsx,L34,2017-02-08 10:30:00,261206.0,4199036.0,1.86,301.6
2017-02-08/PIT_L35/pit_20170208_L35.xlsx,L35,2017-02-08 13:44:00,261597.0,4199262.0,1.44,304.5
2017-02-08/PIT_L38/pit_20170208_L38.xlsx,L38,2017-02-08 10:15:00,261583.0,4198757.0,1.63,298.6
2017-02-08/PIT_L39/pit_20170208_L39.xlsx,L39,2017-02-08 02:30:00,261789.0,419075.0,1.63,280.9
2017-02-09/PIT_12E/pit_20170209_12E.xlsx,12E,2017-02-09 10:51:00,224197.3,4322775.3,0.88,307.9
2017-02-09/PIT_12E_SMP/pit_20170209_12E_SMP.xlsx,12E_SMP,2017-02-09 13:30:00,224183.2,4322775.3,0.88,315.3
2017-02-09/PIT_12W/pit_20170209_12W.xlsx,12W,2017-02-09 13:55:00,224027.0,4322780.0,0.87,316.8
2017-02-09/PIT_18N/pit_20170209_18N.xlsx,18N,2017-02-09 10:30:00,224803.1,4322219.1,0.98,324.0
2017-02-09/PIT_55E/pit_20170209_55E.xlsx,55E,2017-02-09 09:50:00,235535.9,4325042.2,1.38,311.0
2017-02-09/PIT_59W/pit_20170209_59W.xlsx,59W,2017-02-09 13:08:00,235634.2,4325210.1,1.51,335.8
2017-02-09/PIT_5S/pit_20170209_5S.xlsx,5S,2017-02-09 14:25:00,222558.1,4322695.2,0.86,358.6
2017-02-09/PIT_64S/pit_20170209_64S.xlsx,64S,2017-02-09 15:45:00,236630.0,4324840.6,1.50,310.7
2017-02-09/PIT_73S/pit_20170209_73S.xlsx,73S,2017-02-09 10:30:00,246022.0,4323871.0,1.74,329.8
2017-02-09/PIT_74W/pit_20170209_74W.xlsx,74W,2017-02-09 13:00:00,246282.0,4324393.0,1.59,334.8
2017-02-09/PIT_78S/pit_20170209_78S.xlsx,78S,2017-02-09 15:00:00,247248.0,4325364.0,1.57,310.3
2017-02-09/PIT_T02/pit_20170209_T02.xlsx,T02,2017-02-09 13:00:00,259490.0,4199957.0,1.99,345.0
2017-02-09/PIT_T06/pit_20170209_T06.xlsx,T06,2017-02-09 02:55:00,259746.0,4200072.0,1.67,331.3
2017-02-09/PIT_U13/pit_20170209_U13.xlsx,U13,2017-02-09 15:00:00,259961.0,4199676.0,1.61,334.9
2017-02-10/PIT_09S/pit_20170210_09S.xlsx,09S,2017-02-10 11:20:00,223302.0,4324942.5,1.00,347.5
2017-02-10/PIT_13W/pit_20170210_13W.xlsx,13W,2017-02-10 09:30:00,224097.9,4325489.4,1.57,350.3
2017-02-10/PIT_15E/pit_20170210_15E.xlsx,15E,2017-02-10 13:00:00,224513.1,4323429.1,0.85,304.8
2017-02-10/PIT_19E/pit_20170210_19E.xlsx,19E,2017-02-10 14:30:00,225147.1,4324361.5,1.26,341.5
2017-02-10/PIT_1E/pit_20170210_1E.xlsx,1E,2017-02-10 13:15:00,228567.8,4324736.9,0.87,304.1
2017-02-10/PIT_20W/pit_20170210_20W.xlsx,20W,2017-02-10 15:30:00,225263.1,4324009.0,1.19,336.5
2017-02-10/PIT_25E/pit_20170210_25E.xlsx,25E,2017-02-10 14:15:00,226866.9,4325556.0,1.84,394.2
2017-02-10/PIT_30E/pit_20170210_30E.xlsx,30E,2017-02-10 11:37:00,228712.8,4325352.8,1.44,316.0
2017-02-10/PIT_35W/pit_20170210_35W.xlsx,35W,2017-02-10 09:33:00,230881.8,4325474.1,1.30,317.2
2017-02-10/PIT_41W/pit_20170210_41W.xlsx,41W,2017-02-10 12:00:00,234004.2,4325341.9,0.52,300.9
2017-02-10/PIT_43N/pit_20170210_43N.xlsx,43N,2017-02-10 08:45:00,234322.2,4325953.3,1.59,321.1
2017-02-10/PIT_44W/pit_20170210_44W.xlsx,44W,2017-02-10 14:30:00,234214.1,4324499.1,1.58,333.3
2017-02-10/PIT_4W/pit_20170210_4W.xlsx,4W,2017-02-10 14:45:00,222212.2,4322936.5,0.70,313.5
2017-02-10/PIT_6-micro-pit-north/pit_20170210_6-micro-pit-north.xlsx,6-micro-pit-north,2017-02-10 10:30:00,222984.0,4325258.2,1.15,325.9
2017-02-10/PIT_6N/pit_20170210_6N.xlsx,6N,2017-02-10 09:25:00,222985.0,4325364.4,0.93,312.7
2017-02-10/PIT_6S/pit_20170210_6S.xlsx,6S,2017-02-10 11:30:00,222983.6,4325008.7,1.49,366.8
2017-02-10/PIT_7E/pit_20170210_7E.xlsx,7E,2017-02-10 13:15:00,228567.8,4324736.9,0.87,304.1
2017-02-10/PIT_JC02/pit_20170210_JC02.xlsx,JC02,2017-02-10 15:15:00,232194.1,4327389.9,1.47,324.0
2017-02-10/PIT_JC03/pit_20170210_JC03.xlsx,JC03,2017-02-10 09:30:00,232142.3,4327348.2,1.39,283.1
2017-02-10/PIT_JC04/pit_20170210_JC04.xlsx,JC04,2017-02-10 12:24:00,232125.4,4327305.2,1.29,312.4
2017-02-10/PIT_M27/pit_20170210_M27.xlsx,M27,2017-02-10 11:02:00,260512.0,4198642.0,0.45,256.2
2017-02-10/PIT_M28/pit_20170210_M28.xlsx,M28,2017-02-10 12:02:00,260561.0,4199063.0,0.90,321.7
2017-02-10/PIT_M30/pit_20170210_M30.xlsx,M30,2017-02-10 11:20:00,260805.0,4198709.0,1.42,323.5
2017-02-11/PIT_MTR_0838/pit_20170211_MTR_0838.xlsx,MTR_0838,2017-02-11 09:35:00,236301.6,4324284.0,1.55,313.7
2017-02-11/PIT_MTR_0895/pit_20170211_MTR_0895.xlsx,MTR_0895,2017-02-11 11:00:00,236301.6,4324284.0,1.55,313.8
2017-02-11/PIT_MTR_1590/pit_20170211_MTR_1590.xlsx,MTR_1590,2017-02-11 10:00:00,236301.6,4324284.0,1.35,303.6
2017-02-14/PIT_100N/pit_20170214_100N.xlsx,100N,2017-02-14 10:30:00,252097.0,4330164.0,1.60,349.3
2017-02-14/PIT_101E/pit_20170214_101E.xlsx,101E,2017-02-14 12:30:00,252511.0,4330059.0,1.88,320.2
2017-02-14/PIT_75W/pit_20170214_75W.xlsx,75W,2017-02-14 13:19:00,246317.0,4326409.0,1.87,317.6
2017-02-14/PIT_76N/pit_20170214_76N.xlsx,76N,2017-02-14 13:00:00,246846.0,4326609.0,1.84,332.7
2017-02-14/PIT_77E/pit_20170214_77E.xlsx,77E,2017-02-14 10:00:00,247139.0,4326892.0,2.06,304.5
2017-02-14/PIT_83N/pit_20170214_83N.xlsx,83N,2017-02-14 14:55:00,248555.0,4330449.0,1.58,310.9
2017-02-14/PIT_85W/pit_20170214_85W.xlsx,85W,2017-02-14 14:30:00,249114.0,4327136.0,1.99,317.7
2017-02-14/PIT_86N/pit_20170214_86N.xlsx,86N,2017-02-14 13:20:00,249395.0,4329821.0,1.66,325.9
2017-02-14/PIT_88E/pit_20170214_88E.xlsx,88E,2017-02-14 10:10:00,249744.0,4327109.0,1.76,344.4
2017-02-14/PIT_89E/pit_20170214_89E.xlsx,89E,2017-02-14 10:40:00,249940.0,4328958.0,1.26,320.0
2017-02-14/PIT_JC05/pit_20170214_JC05.xlsx,JC05,2017-02-14 12:48:00,232233.0,4327401.4,1.42,318.4
2017-02-14/PIT_MT02/pit_20170214_MT02.xlsx,MT02,2017-02-14 11:04:00,231889.3,4327130.4,1.52,342.6
2017-02-14/PIT_RS01/pit_20170214_RS01.xlsx,RS01,2017-02-14 08:30:00,231849.4,4327178.1,1.35,357.2
2017-02-14/PIT_RS02/pit_20170214_RS02.xlsx,RS02,2017-02-14 08:32:00,231874.9,4327175.5,1.50,314.8
2017-02-15/PIT_02W/pit_20170215_02W.xlsx,02W,2017-02-15 09:45:00,221356.0,4325331.7,0.97,299.2
2017-02-15/PIT_03W/pit_20170215_03W.xlsx,03W,2017-02-15 11:35:00,222033.5,4325421.3,0.91,306.0
2017-02-15/PIT_10N/pit_20170215_10N.xlsx,10N,2017-02-15 01:15:00,223444.0,4328122.8,1.05,312.7
2017-02-15/PIT_23N/pit_20170215_23N.xlsx,23N,2017-02-15 03:00:00,226098.5,4325865.4,1.50,331.5
2017-02-15/PIT_34N/pit_20170215_34N.xlsx,34N,2017-02-15 12:50:00,230791.2,4324376.5,1.12,338.3
2017-02-15/PIT_36S/pit_20170215_36S.xlsx,36S,2017-02-15 10:00:00,231695.8,4324081.2,1.47,328.2
2017-02-15/PIT_40W/pit_20170215_40W.xlsx,40W,2017-02-15 09:35:00,233768.5,4321318.3,1.67,308.2
2017-02-15/PIT_42W/pit_20170215_42W.xlsx,42W,2017-02-15 13:43:00,233615.9,4323151.5,1.76,319.4
2017-02-15/PIT_45N/pit_20170215_45N.xlsx,45N,2017-02-15 02:30:00,234440.0,4323367.7,1.50,291.2
2017-02-15/PIT_67N/pit_20170215_67N.xlsx,67N,2017-02-15 09:02:00,237796.5,4324733.5,1.63,315.1
2017-02-15/PIT_JC6/pit_20170215_JC6.xlsx,JC6,2017-02-15 11:06:00,232522.2,4326864.1,0.96,276.6
2017-02-16/PIT_21S/pit_20170216_21S.xlsx,21S,2017-02-16 14:55:00,225278.0,4322094.5,1.15,308.5
2017-02-16/PIT_28N/pit_20170216_28N.xlsx,28N,2017-02-16 12:20:00,228294.2,4323083.1,1.35,325.5
2017-02-16/PIT_32S/pit_20170216_32S.xlsx,32S,2017-02-16 13:35:00,229869.6,4322062.9,1.27,336.9
2017-02-16/PIT_33E/pit_20170216_33E.xlsx,33E,2017-02-16 09:45:00,230373.1,4321596.7,1.42,312.7
2017-02-16/PIT_38W/pit_20170216_38W.xlsx,38W,2017-02-16 09:35:00,232201.3,4323692.0,1.53,334.4
2017-02-16/PIT_54N/pit_20170216_54N.xlsx,54N,2017-02-16 12:22:00,235321.1,4326599.9,1.58,302.6
2017-02-16/PIT_56W/pit_20170216_56W.xlsx,56W,2017-02-16 09:00:00,235150.1,4326181.2,2.15,346.3
2017-02-16/PIT_91W/pit_20170216_91W.xlsx,91W,2017-02-16 03:53:00,249758.0,4330843.0,1.34,320.7
2017-02-16/PIT_96W/pit_20170216_96W.xlsx,96W,2017-02-16 10:10:00,251036.0,4332499.0,1.23,342.9
2017-02-16/PIT_99S/pit_20170216_99S.xlsx,99S,2017-02-16 12:57:00,2581834.0,4331145.0,1.69,340.0
2017-02-17/PIT_01W/pit_20170217_01W.xlsx,01W,2017-02-17 09:50:00,221314.0,4325197.2,0.90,306.7
2017-02-17/PIT_51N/pit_20170217_51N.xlsx,51N,2017-02-17 08:50:00,235023.4,4324825.5,1.88,349.0
2017-02-17/PIT_58N/pit_20170217_58N.xlsx,58N,2017-02-17 13:24:00,235578.0,4325847.2,1.47,321.8
2017-02-17/PIT_60E/pit_20170217_60E.xlsx,60E,2017-02-17 04:50:00,235960.7,4324736.5,1.78,345.6
2017-02-17/PIT_68E/pit_20170217_68E.xlsx,68E,2017-02-17 02:30:00,245184.0,4325184.0,1.57,320.1
2017-02-17/PIT_69S/pit_20170217_69S.xlsx,69S,2017-02-17 09:00:00,245260.0,4325196.0,1.60,334.1
2017-02-17/PIT_72N/pit_20170217_72N.xlsx,72N,2017-02-17 15:49:00,245676.0,4324287.0,1.61,330.9
2017-02-17/PIT_73N/pit_20170217_73N.xlsx,73N,2017-02-17 12:00:00,246022.0,4324120.0,1.69,337.8
2017-02-17/PIT_79W/pit_20170217_79W.xlsx,79W,2017-02-17 12:32:00,249578.0,4324822.0,1.97,327.2
2017-02-17/PIT_84N/pit_20170217_84N.xlsx,84N,2017-02-17 14:30:00,248797.0,4330499.0,1.40,343.0
2017-02-17/PIT_94E/pit_20170217_94E.xlsx,94E,2017-02-17 09:40:00,250659.0,4332322.0,1.41,313.0
2017-02-17/PIT_95S/pit_20170217_95S.xlsx,95S,2017-02-17 09:30:00,251073.0,4332088.0,1.51,355.0
2017-02-17/PIT_97S/pit_20170217_97S.xlsx,97S,2017-02-17 12:30:00,251695.0,4330967.0,1.29,349.2
2017-02-18/PIT_MTR2_0830/pit_20170218_MTR2_0830.xlsx,MTR2_0830,2017-02-18 08:30:00,232535.9,4327374.3,1.21,313.6
2017-02-18/PIT_MTR2_1900/pit_20170218_MTR2_1900.xlsx,MTR2_1900,2017-02-18 08:45:00,232537.4,4327381.2,1.18,321.2
2017-02-18/PIT_MTR3_0200/pit_20170218_MTR3_0200.xlsx,MTR3_0200,2017-02-18 12:05:00,236358.3,4324307.3,1.34,323.4
2017-02-18/PIT_MTR3_0300/pit_20170218_MTR3_0300.xlsx,MTR3_0300,2017-02-18 00:00:00,236358.3,4324307.3,1.34,308.8
2017-02-18/PIT_MTR3_1150/pit_20170218_MTR3_1150.xlsx,MTR3_1150,2017-02-18 12:15:00,236363.5,4324311.0,1.28,305.2
2017-02-20/PIT_KCC/pit_20170220_KCC.xlsx,KCC,2017-02-20 10:30:00,224327.6,4323109.6,1.15,319.6
2017-02-20/PIT_KCE/pit_20170220_KCE.xlsx,KCE,2017-02-20 12:30:00,224343.1,4323100.5,1.19,321.7
2017-02-20/PIT_KCN/pit_20170220_KCN.xlsx,KCN,2017-02-20 01:00:00,224370.0,4323037.6,1.18,329.0
2017-02-20/PIT_KCW/pit_20170220_KCW.xlsx,KCW,2017-02-20 01:46:00,224306.5,4323107.9,1.30,331.5
2017-02-20/PIT_L33/pit_20170220_L33.xlsx,L33,2017-02-20 11:45:00,261078.0,4198568.0,1.97,319.3
2017-02-20/PIT_L36/pit_20170220_L36.xlsx,L36,2017-02-20 15:00:00,261861.0,4199329.0,1.13,320.9
2017-02-20/PIT_L37/pit_20170220_L37.xlsx,L37,2017-02-20 01:00:00,261297.0,4019886.0,2.17,314.9
2017-02-20/PIT_L38/pit_20170220_L38.xlsx,L38,2017-02-20 10:00:00,261578.0,4198749.0,1.88,327.5
2017-02-20/PIT_L39/pit_20170220_L39.xlsx,L39,2017-02-20 10:30:00,261787.0,4199088.0,1.95,298.4
2017-02-20/PIT_L40/pit_20170220_L40.xlsx,L40,2017-02-20 13:20:00,261642.0,4198976.0,1.80,313.4
2017-02-21/PIT_02E/pit_20170221_02E.xlsx,02E,2017-02-21 10:47:00,221823.6,4325323.9,1.18,301.9
2017-02-21/PIT_03E/pit_20170221_03E.xlsx,03E,2017-02-21 01:50:00,222312.8,4325400.8,1.10,338.6
2017-02-21/PIT_100S/pit_20170221_100S.xlsx,100S,2017-02-21 09:57:00,252096.0,4329906.0,1.92,322.5
2017-02-21/PIT_102E/pit_20170221_102E.xlsx,102E,2017-02-21 11:20:00,252527.0,4329971.0,1.90,318.0
2017-02-21/PIT_104W/pit_20170221_104W.xlsx,104W,2017-02-21 13:00:00,252161.0,4330421.0,1.26,331.3
2017-02-21/PIT_13E/pit_20170221_13E.xlsx,13E,2017-02-21 10:00:00,224355.0,4325486.0,0.97,314.4
2017-02-21/PIT_23S/pit_20170221_23S.xlsx,23S,2017-02-21 11:35:00,226101.0,4325610.0,1.34,309.3
2017-02-21/PIT_25W/pit_20170221_25W.xlsx,25W,2017-02-21 13:41:00,226611.0,4325562.0,1.50,318.5
2017-02-21/PIT_42E/pit_20170221_42E.xlsx,42E,2017-02-21 13:55:00,233926.5,4323165.1,1.14,299.0
2017-02-21/PIT_45S/pit_20170221_45S.xlsx,45S,2017-02-21 15:15:00,234494.8,4323195.7,1.85,341.4
2017-02-21/PIT_50E/pit_20170221_50E.xlsx,50E,2017-02-21 10:45:00,235312.8,4326868.0,1.54,322.6
2017-02-21/PIT_50W/pit_20170221_50W.xlsx,50W,2017-02-21 08:59:00,234998.0,4326869.0,1.59,320.1
2017-02-21/PIT_54S/pit_20170221_54S.xlsx,54S,2017-02-21 13:14:00,235321.0,4326348.0,1.55,312.9
2017-02-21/PIT_56E/pit_20170221_56E.xlsx,56E,2017-02-21 14:32:00,235417.0,4326181.0,1.53,312.2
2017-02-21/PIT_57S/pit_20170221_57S.xlsx,57S,2017-02-21 11:52:00,235509.5,4322245.7,1.47,306.0
2017-02-21/PIT_62N/pit_20170221_62N.xlsx,62N,2017-02-21 10:24:00,236213.5,4323374.8,1.73,319.2
2017-02-21/PIT_71E/pit_20170221_71E.xlsx,71E,2017-02-21 14:35:00,245794.0,4325599.0,1.72,348.7
2017-02-21/PIT_73S/pit_20170221_73S.xlsx,73S,2017-02-21 09:57:00,246015.0,4323871.0,1.97,346.6
2017-02-21/PIT_74E/pit_20170221_74E.xlsx,74E,2017-02-21 12:00:00,246535.0,4324409.0,1.74,349.8
2017-02-21/PIT_99N/pit_20170221_99N.xlsx,99N,2017-02-21 14:00:00,251838.0,4331415.0,1.56,359.1
2017-02-21/PIT_M22/pit_20170221_M22.xlsx,M22,2017-02-21 03:00:00,259935.0,4199046.0,2.57,351.7
2017-02-21/PIT_T03/pit_20170221_T03.xlsx,T03,2017-02-21 14:15:00,259807.0,4200376.0,0.95,316.8
2017-02-21/PIT_T06/pit_20170221_T06.xlsx,T06,2017-02-21 12:20:00,259728.0,4200056.0,1.12,317.0
2017-02-21/PIT_U13/pit_20170221_U13.xlsx,U13,2017-02-21 12:24:00,259960.0,4199683.0,1.82,360.5
2017-02-22/PIT_26W/pit_20170222_26W.xlsx,26W,2017-02-22 09:45:00,227071.2,4323338.3,1.14,312.7
2017-02-22/PIT_27E/pit_20170222_27E.xlsx,27E,2017-02-22 09:15:00,228381.7,4322404.8,1.40,309.9
2017-02-22/PIT_29E/pit_20170222_29E.xlsx,29E,2017-02-22 11:00:00,228415.6,4322175.0,1.32,328.3
2017-02-22/PIT_32S/pit_20170222_32S.xlsx,32S,2017-02-22 12:45:00,229856.6,4322062.8,1.31,336.1
2017-02-22/PIT_36N/pit_20170222_36N.xlsx,36N,2017-02-22 14:00:00,231688.3,4324346.3,1.47,339.1
2017-02-22/PIT_38E/pit_20170222_38E.xlsx,38E,2017-02-22 15:00:00,232454.7,4323688.3,1.65,345.5
2017-02-22/PIT_46S/pit_20170222_46S.xlsx,46S,2017-02-22 08:20:00,234763.4,4325910.1,1.21,323.1
2017-02-22/PIT_47W/pit_20170222_47W.xlsx,47W,2017-02-22 09:35:00,234869.7,4326168.7,1.60,328.8
2017-02-22/PIT_49N/pit_20170222_49N.xlsx,49N,2017-02-22 10:50:00,234955.8,4326334.4,1.54,311.5
2017-02-22/PIT_52N/pit_20170222_52N.xlsx,52N,2017-02-22 12:30:00,235029.8,4326452.7,1.19,321.6
2017-02-22/PIT_53W/pit_20170222_53W.xlsx,53W,2017-02-22 14:25:00,235145.4,4324547.8,2.10,362.9
2017-02-22/PIT_55E/pit_20170222_55E.xlsx,55E,2017-02-22 15:00:00,235649.9,4325038.7,1.78,334.2
2017-02-22/PIT_56W/pit_20170222_56W.xlsx,56W,2017-02-22 13:30:00,235159.2,4326181.6,2.08,355.5
2017-02-22/PIT_58S/pit_20170222_58S.xlsx,58S,2017-02-22 15:25:00,235559.3,4325562.8,2.01,342.2
2017-02-22/PIT_63E/pit_20170222_63E.xlsx,63E,2017-02-22 12:40:00,236409.5,4323050.2,1.68,335.6
2017-02-22/PIT_63W/pit_20170222_63W.xlsx,63W,2017-02-22 11:23:00,236008.7,4323051.6,1.49,322.5
2017-02-22/PIT_66N/pit_20170222_66N.xlsx,66N,2017-02-22 08:35:00,236971.3,4323831.9,1.82,324.1
2017-02-22/PIT_66S/pit_20170222_66S.xlsx,66S,2017-02-22 10:01:00,236963.0,4323569.8,1.90,330.4
2017-02-22/PIT_67N/pit_20170222_67N.xlsx,67N,2017-02-22 12:20:00,237795.3,4324744.6,1.66,330.3
2017-02-22/PIT_92E/pit_20170222_92E.xlsx,92E,2017-02-22 10:00:00,250331.0,4326404.0,1.90,343.8
2017-02-22/PIT_92W/pit_20170222_92W.xlsx,92W,2017-02-22 01:25:00,250111.0,4326407.0,1.74,344.0
2017-02-22/PIT_JC_TRUCK/pit_20170222_JC_TRUCK.xlsx,JC_TRUCK,2017-02-22 08:35:00,232115.5,4327353.0,1.43,314.5
2017-02-22/PIT_L34/pit_20170222_L34.xlsx,L34,2017-02-22 10:00:00,261206.0,4199032.0,1.83,339.8
2017-02-22/PIT_L35/pit_20170222_L35.xlsx,L35,2017-02-22 10:30:00,261650.0,4199325.0,1.54,214.7
2017-02-23/PIT_103S/pit_20170223_103S.xlsx,103S,2017-02-23 13:13:00,252282.0,4329802.0,1.90,302.6
2017-02-23/PIT_41E/pit_20170223_41E.xlsx,41E,2017-02-23 14:30:00,234173.8,4325345.7,1.05,313.7
2017-02-23/PIT_44E/pit_20170223_44E.xlsx,44E,2017-02-23 11:00:00,234464.4,4324464.6,2.13,356.1
2017-02-23/PIT_45N/pit_20170223_45N.xlsx,45N,2017-02-23 09:00:00,234493.5,4323328.1,1.51,320.7
2017-02-23/PIT_45S/pit_20170223_45S.xlsx,45S,2017-02-23 10:50:00,234492.9,4323197.8,1.62,333.0
2017-02-23/PIT_51S/pit_20170223_51S.xlsx,51S,2017-02-23 08:55:00,235043.5,4324598.7,1.59,358.3
2017-02-23/PIT_69N/pit_20170223_69N.xlsx,69N,2017-02-23 13:13:00,245275.0,4325445.0,1.79,321.1
2017-02-23/PIT_70W/pit_20170223_70W.xlsx,70W,2017-02-23 09:07:00,245195.0,4323452.0,1.48,323.5
2017-02-23/PIT_71W/pit_20170223_71W.xlsx,71W,2017-02-23 14:35:00,245540.0,4325604.0,1.99,336.3
2017-02-23/PIT_72S/pit_20170223_72S.xlsx,72S,2017-02-23 11:00:00,245685.0,4324027.0,1.76,316.5
2017-02-23/PIT_77W/pit_20170223_77W.xlsx,77W,2017-02-23 14:37:00,246956.0,4326892.0,1.94,319.3
2017-02-23/PIT_84S/pit_20170223_84S.xlsx,84S,2017-02-23 09:35:00,248798.0,9830624.0,1.33,281.4
2017-02-23/PIT_87W/pit_20170223_87W.xlsx,87W,2017-02-23 11:30:00,249320.0,4329831.0,1.61,350.5
2017-02-23/PIT_89W/pit_20170223_89W.xlsx,89W,2017-02-23 09:35:00,248798.0,4330240.0,1.33,317.0
2017-02-23/PIT_89W/pit_20170223_89W_Continue.xlsx,89W_Continue,2017-02-23 10:02:00,249725.0,4328970.0,1.81,329.5
2017-02-23/PIT_93E/pit_20170223_93E.xlsx,93E,2017-02-23 13:50:00,250211.0,4327635.0,1.61,312.7
2017-02-23/PIT_O41/pit_20170223_O41.xlsx,O41,2017-02-23 13:43:00,261100.0,4198309.0,1.95,318.1
2017-02-23/PIT_O42/pit_20170223_O42.xlsx,O42,2017-02-23 11:42:00,260600.0,4198755.0,2.27,307.5
2017-02-24/PIT_MTR4_0000/pit_20170224_MTR4_0000.xlsx,MTR4_0000,2017-02-24 10:15:00,237440.7,4324490.4,1.80,319.0
2017-02-24/PIT_MTR4_3000/pit_20170224_MTR4_3000.xlsx,MTR4_3000,2017-02-24 10:08:00,237401.1,4324498.0,1.65,307.7
2017-02-24/PIT_SPL3/pit_20170224_SPL3.xlsx,SPL3,2017-02-24 11:30:00,261788.0,4196932.0,1.06,nan
2017-02-25/PIT_14W/pit_20170225_14W.xlsx,14W,2017-02-25 09:38:00,224130.9,4322027.9,0.88,313.8
2017-02-25/PIT_18S/pit_20170225_18S.xlsx,18S,2017-02-25 10:50:00,224808.4,4321951.1,1.41,343.3
2017-02-25/PIT_22N/pit_20170225_22N.xlsx,22N,2017-02-25 12:38:00,226010.9,4323189.8,1.32,324.9
2017-02-25/PIT_24E/pit_20170225_24E.xlsx,24E,2017-02-25 09:32:00,226194.0,4324792.5,1.41,321.3
2017-02-25/PIT_28S/pit_20170225_28S.xlsx,28S,2017-02-25 11:00:00,228294.0,4322821.5,1.42,339.4
2017-02-25/PIT_30E/pit_20170225_30E.xlsx,30E,2017-02-25 14:00:00,228716.2,4325343.5,1.51,316.7
2017-02-25/PIT_61E/pit_20170225_61E.xlsx,61E,2017-02-25 14:10:00,235863.0,4322576.1,1.83,328.5
2017-02-25/PIT_61W/pit_20170225_61W.xlsx,61W,2017-02-25 13:00:00,235607.5,4322577.0,1.78,317.1
2017-02-25/PIT_78N/pit_20170225_78N.xlsx,78N,2017-02-25 15:10:00,247262.0,4325655.0,1.83,347.2
2017-02-25/PIT_83S/pit_20170225_83S.xlsx,83S,2017-02-25 09:27:00,248575.0,4330175.0,1.64,322.5
2017-02-25/PIT_94W/pit_20170225_94W.xlsx,94W,2017-02-25 11:04:00,250345.0,4332320.0,1.34,327.9
2017-02-25/PIT_95N/pit_20170225_95N.xlsx,95N,2017-02-25 13:00:00,251675.0,4332293.0,1.51,322.5
2017-02-25/PIT_KC2C/pit_20170225_KC2C.xlsx,KC2C,2017-02-25 11:15:00,222575.7,4322779.2,0.78,299.2
2017-02-25/PIT_KC2E/pit_20170225_KC2E.xlsx,KC2E,2017-02-25 12:45:00,222616.1,4322784.6,0.96,290.0
2017-02-25/PIT_KC2N/pit_20170225_KC2N.xlsx,KC2N,2017-02-25 13:15:00,222574.8,4322826.4,0.78,276.4
2017-02-25/PIT_KC2S/pit_20170225_KC2S.xlsx,KC2S,2017-02-25 13:00:00,222589.1,4322740.2,0.72,294.9
2017-02-25/PIT_KC2W/pit_20170225_KC2W.xlsx,KC2W,2017-02-25 12:11:00,222536.9,4322783.8,0.77,292.8
2017-02-25/PIT_L36/pit_20170225_L36.xlsx,L36,2017-02-25 01:51:00,261866.0,4199311.9,0.97,302.9
2017-02-25/PIT_M30/pit_20170225_M30.xlsx,M30,2017-02-25 10:20:00,260807.0,4198712.0,1.55,326.7
2017-02-25/PIT_SJ1/pit_20170225_SJ1.xlsx,SJ1,2017-02-25 08:00:00,237470.4,4324256.9,2.05,320.3
